image,instance_id,area_px,area_fraction,area_bin,k,void_px,population_n,random_baseline,bbox_top,bbox_left,bbox_bottom,bbox_right,aspect_ratio,aspect_class,queryable_grid7,queryable_grid14,measurable_by_all
2007_000032,1,2609,0.05199697066326531,5-10%,2609,2802,47374,0.055072402583695695,84,0,145,210,3.403225806451613,wide,True,True,True
2007_000061,1,3525,0.07025271045918367,5-10%,3525,2016,48160,0.07319352159468438,9,130,183,223,0.5371428571428571,tall,True,True,True
2007_000063,2,28004,0.5581154336734694,>=40%,28004,3202,46974,0.5961595776386938,0,9,223,215,0.9241071428571429,square,True,True,True
2007_000241,1,570,0.01136001275510204,<2%,570,1436,48740,0.011694706606483382,127,178,158,223,1.4375,square,True,True,True
2007_000241,3,975,0.01943160076530612,<2%,975,1436,48740,0.020004103405826836,85,113,124,163,1.275,square,True,True,True
2007_000243,1,935,0.0186344068877551,<2%,935,637,49539,0.018874018450110015,85,64,127,124,1.4186046511627908,square,True,True,True
2007_000256,1,6317,0.1258968431122449,10-20%,6317,2287,47889,0.131909206707177,64,0,147,223,2.6666666666666665,wide,True,True,True
2007_000346,1,5229,0.10421316964285714,10-20%,5229,2345,47831,0.10932240597102298,65,39,202,96,0.42028985507246375,tall,True,True,True
2007_000346,2,16704,0.33290816326530615,20-40%,16704,2345,47831,0.3492295791432335,50,74,223,223,0.8620689655172413,square,True,True,True
2007_000720,1,3384,0.06744260204081633,5-10%,3384,1079,49097,0.06892478155488116,80,91,176,147,0.5876288659793815,tall,True,True,True
2007_000727,1,4702,0.09371014030612244,5-10%,4702,2481,47695,0.09858475731208723,156,53,216,161,1.7868852459016393,wide,True,True,True
2007_000733,2,9467,0.18867586096938777,10-20%,9467,2795,47381,0.19980582934087504,104,52,223,223,1.4333333333333333,square,True,True,True
2007_000768,1,4628,0.09223533163265306,5-10%,4628,1407,48769,0.09489634808997519,63,178,170,223,0.42592592592592593,tall,True,True,True
2007_000799,2,6764,0.13480548469387754,10-20%,6764,2034,48142,0.14050101782227578,116,105,223,223,1.1018518518518519,square,True,True,True
2007_000876,1,21966,0.43777901785714285,>=40%,21966,2749,47427,0.46315389967739895,21,30,220,191,0.81,square,True,True,True
2007_001073,1,1050,0.020926339285714284,2-5%,1050,3319,46857,0.022408604904283244,106,0,145,48,1.225,square,True,True,True
2007_001239,2,5715,0.11389907525510204,10-20%,5715,3195,46981,0.1216449202869245,83,100,223,187,0.624113475177305,tall,True,True,True
2007_001299,3,2434,0.048509247448979595,2-5%,2434,3838,46338,0.05252708360309034,97,167,204,210,0.4074074074074074,tall,True,True,True
2007_001311,4,2302,0.04587850765306122,2-5%,2302,5807,44369,0.05188307151389484,134,60,223,148,0.9888888888888889,square,True,True,True
2007_001340,3,3959,0.07890226403061225,5-10%,3959,3801,46375,0.08536927223719677,85,62,222,113,0.37681159420289856,tall,True,True,True
2007_001408,6,763,0.015206473214285714,<2%,763,2986,47190,0.01616867980504344,0,87,30,121,1.1290322580645162,square,True,True,True
2007_001430,2,3188,0.06353635204081633,5-10%,3188,3238,46938,0.0679193830158933,93,26,177,98,0.8588235294117647,square,True,True,True
2007_001430,4,7230,0.14409279336734693,10-20%,7230,3238,46938,0.15403297967531637,92,111,223,205,0.7196969696969697,square,True,True,True
2007_001430,6,2100,0.04185267857142857,2-5%,2100,3238,46938,0.04473986961523712,0,153,47,208,1.1666666666666667,square,True,True,True
2007_001458,1,16567,0.33017777423469385,20-40%,16567,1605,48571,0.34108830372032695,84,17,200,204,1.606837606837607,wide,True,True,True
2007_001594,1,835,0.016641422193877552,<2%,835,2767,47409,0.017612689573709633,102,127,137,165,1.0833333333333333,square,True,True,True
2007_001595,1,6939,0.13829320790816327,10-20%,6939,1274,48902,0.14189603697190298,97,123,178,223,1.2317073170731707,square,True,True,True
2007_001717,2,4077,0.08125398596938775,5-10%,4077,2931,47245,0.08629484601545137,88,178,223,223,0.3382352941176471,tall,True,True,True
2007_001763,3,14795,0.2948620854591837,20-40%,14795,2209,47967,0.3084412200054204,26,0,223,223,1.1313131313131313,square,True,True,True
2007_001857,1,38087,0.7590680803571429,>=40%,38087,1568,48608,0.7835541474654378,7,0,223,223,1.032258064516129,square,True,True,True
2007_001857,3,2768,0.055165816326530615,5-10%,2768,1568,48608,0.056945358788676764,0,157,72,210,0.7397260273972602,square,True,True,True
2007_001857,5,1631,0.032505580357142856,2-5%,1631,1568,48608,0.033554147465437785,0,63,59,103,0.6833333333333333,square,True,True,True
2007_001884,3,977,0.019471460459183673,<2%,977,1933,48243,0.020251642725369483,128,148,144,208,3.588235294117647,wide,True,True,True
2007_001901,4,1489,0.029675542091836735,2-5%,1489,3837,46339,0.032132760741492045,126,141,205,183,0.5375,tall,True,True,True
2007_002046,2,15524,0.309390943877551,20-40%,15524,2364,47812,0.32468836275412033,22,0,202,130,0.7237569060773481,square,True,True,True
2007_002055,1,2047,0.04079639668367347,2-5%,2047,2555,47621,0.042985237605258186,150,0,222,51,0.7123287671232876,square,True,True,True
2007_002055,2,4884,0.0973373724489796,5-10%,4884,2555,47621,0.10255979504840301,87,2,223,97,0.7007299270072993,square,True,True,True
2007_002088,1,32167,0.6410833864795918,>=40%,32167,1856,48320,0.6657077814569536,16,0,223,223,1.0769230769230769,square,True,True,True
2007_002120,1,927,0.0184749681122449,<2%,927,2409,47767,0.019406703372621265,23,101,53,170,2.2580645161290325,wide,True,True,True
2007_002216,2,23599,0.47032445790816324,>=40%,23599,1760,48416,0.4874215135492399,67,0,210,206,1.4375,square,True,True,True
2007_002234,2,645,0.012854751275510204,<2%,645,1702,48474,0.013306102240376285,69,0,93,40,1.64,wide,True,True,True
2007_002284,4,823,0.016402264030612245,<2%,823,2323,47853,0.017198503751070987,0,102,37,130,0.7631578947368421,square,True,True,True
2007_002293,1,21109,0.42069913903061223,>=40%,21109,1864,48312,0.43693078324225865,0,0,223,174,0.78125,square,True,True,True
2007_002368,2,1996,0.03977997448979592,2-5%,1996,3660,46516,0.04290996646315246,159,192,223,223,0.49230769230769234,tall,True,True,True
2007_002488,1,3031,0.06040736607142857,5-10%,3031,5841,44335,0.06836585090786061,10,67,176,155,0.5329341317365269,tall,True,True,True
2007_002539,1,43265,0.8622648278061225,>=40%,43265,1230,48946,0.8839333142646999,0,0,222,223,1.0044843049327354,square,True,True,True
2007_002668,1,6318,0.1259167729591837,10-20%,6318,2467,47709,0.13242784380305603,186,17,223,223,5.447368421052632,wide,True,True,True
2007_002760,2,21822,0.43490911989795916,>=40%,21822,1937,48239,0.45237256162026573,4,0,197,136,0.7061855670103093,square,True,True,True
2007_002789,2,1372,0.02734375,2-5%,1372,1595,48581,0.02824149358802824,99,0,149,55,1.0980392156862746,square,True,True,True
2007_002896,1,6290,0.12535873724489796,10-20%,6290,1977,48199,0.13050063279321147,6,70,209,148,0.3872549019607843,tall,True,True,True
2007_002903,1,35791,0.7133091517857143,>=40%,35791,2377,47799,0.7487813552584782,13,0,219,223,1.0821256038647342,square,True,True,True
2007_002953,1,1882,0.03750797193877551,2-5%,1882,3475,46701,0.04029892293526905,63,0,196,16,0.12686567164179105,tall,True,True,True
2007_002953,5,1147,0.02285953443877551,2-5%,1147,3475,46701,0.024560501916447184,38,17,75,56,1.0526315789473684,square,True,True,True
2007_003022,1,7396,0.1474011479591837,10-20%,7396,3575,46601,0.15870904057852836,57,48,193,223,1.2846715328467153,square,True,True,True
2007_003051,1,8921,0.1777941645408163,10-20%,8921,982,49194,0.18134325324226533,56,0,138,133,1.6144578313253013,wide,True,True,True
2007_003101,3,14896,0.296875,20-40%,14896,1861,48315,0.30831004863913897,0,0,199,84,0.425,tall,True,True,True
2007_003118,1,1490,0.02969547193877551,2-5%,1490,2677,47499,0.03136908145434641,15,85,72,135,0.8793103448275862,square,True,True,True
2007_003118,4,18444,0.36758609693877553,20-40%,18444,2677,47499,0.38830291164024505,49,29,223,204,1.0057142857142858,square,True,True,True
2007_003131,1,1544,0.03077168367346939,2-5%,1544,638,49538,0.031167992248374986,150,172,219,217,0.6571428571428571,tall,True,True,True
2007_003134,2,5961,0.11880181760204081,10-20%,5961,3586,46590,0.12794591113972956,45,61,173,140,0.6201550387596899,tall,True,True,True
2007_003189,2,1134,0.022600446428571428,2-5%,1134,1947,48229,0.023512824234381804,19,82,122,136,0.5288461538461539,tall,True,True,True
2007_003190,1,2678,0.05337213010204082,5-10%,2678,3753,46423,0.057686922430691685,0,59,84,168,1.2941176470588236,square,True,True,True
2007_003201,1,4751,0.09468670280612244,5-10%,4751,4201,45975,0.10333877107123436,38,0,179,49,0.352112676056338,tall,True,True,True
2007_003201,2,20600,0.41055484693877553,>=40%,20600,4201,45975,0.4480696030451332,20,32,209,223,1.0105263157894737,square,True,True,True
2007_003207,9,2079,0.04143415178571429,2-5%,2079,3449,46727,0.04449247758255399,83,150,167,181,0.3764705882352941,tall,True,True,True
2007_003251,4,1296,0.025829081632653062,2-5%,1296,4492,45684,0.028368794326241134,106,29,195,91,0.7,square,True,True,True
2007_003367,3,901,0.017956792091836735,<2%,901,3657,46519,0.019368430103828542,127,0,177,25,0.5098039215686274,tall,True,True,True
2007_003451,1,3878,0.07728794642857142,5-10%,3878,1762,48414,0.08010079729004008,105,104,151,215,2.382978723404255,wide,True,True,True
2007_003580,1,31141,0.6206353635204082,>=40%,31141,1762,48414,0.643223034659396,0,0,223,198,0.8883928571428571,square,True,True,True
2007_003711,2,20428,0.40712691326530615,>=40%,20428,1643,48533,0.4209094842684359,49,59,194,223,1.13013698630137,square,True,True,True
2007_003778,1,13727,0.27357700892857145,20-40%,13727,3127,47049,0.29175965482794536,30,18,206,197,1.0169491525423728,square,True,True,True
2007_003815,1,6980,0.13911033163265307,10-20%,6980,2124,48052,0.14525930242237575,74,70,138,223,2.3692307692307693,wide,True,True,True
2007_004081,1,2169,0.04322783801020408,2-5%,2169,5393,44783,0.04843355737668312,57,70,121,159,1.3846153846153846,square,True,True,True
2007_004121,3,994,0.019810267857142856,<2%,994,1822,48354,0.020556727468254953,96,55,147,93,0.75,square,True,True,True
2007_004537,4,1619,0.03226642219387755,2-5%,1619,7559,42617,0.037989534692728255,53,50,118,167,1.7878787878787878,wide,True,True,True
2007_004558,2,870,0.017338966836734693,<2%,870,2181,47995,0.01812688821752266,61,87,99,119,0.8461538461538461,square,True,True,True
2007_004649,2,894,0.017817283163265307,<2%,894,2187,47989,0.018629269207526725,90,204,137,223,0.4166666666666667,tall,True,True,True
2007_004707,1,879,0.017518335459183673,<2%,879,1199,48977,0.01794719970598444,175,147,223,191,0.9183673469387755,square,True,True,True
2007_004856,1,26887,0.5358537946428571,>=40%,26887,1539,48637,0.5528095894072415,0,24,223,199,0.7857142857142857,square,True,True,True
2007_005074,1,10711,0.2134685905612245,20-40%,10711,2530,47646,0.22480376107123368,0,0,193,200,1.0360824742268042,square,True,True,True
2007_005130,1,5057,0.10078523596938775,10-20%,5057,968,49208,0.10276784262721508,60,52,192,147,0.7218045112781954,square,True,True,True
2007_005173,12,990,0.019730548469387755,<2%,990,6789,43387,0.022817894761103557,1,189,56,221,0.5892857142857143,tall,True,True,True
2007_005173,14,1217,0.024254623724489797,2-5%,1217,6789,43387,0.028049876691174775,0,51,59,80,0.5,tall,True,True,True
2007_005173,16,624,0.012436224489795918,<2%,624,6789,43387,0.014382188213059212,1,2,36,28,0.75,square,True,True,True
2007_005212,1,1030,0.020527742346938774,2-5%,1030,1721,48455,0.021256836239810135,137,182,175,223,1.0769230769230769,square,True,True,True
2007_005266,2,680,0.013552295918367346,<2%,680,3149,47027,0.014459778425160014,97,68,142,112,0.9782608695652174,square,True,True,True
2007_005266,3,830,0.016541772959183673,<2%,830,3149,47027,0.017649435430710018,95,140,142,190,1.0625,square,True,True,True
2007_005281,2,1170,0.023317920918367346,2-5%,1170,3659,46517,0.025152094933035236,65,92,158,127,0.3829787234042553,tall,True,True,True
2007_005294,1,23045,0.4592833227040816,>=40%,23045,1223,48953,0.47075766551590303,0,45,223,223,0.7991071428571429,square,True,True,True
2007_005296,2,860,0.017139668367346938,<2%,860,889,49287,0.01744882017570556,162,0,203,26,0.6428571428571429,tall,True,True,True
2007_005331,2,3114,0.06206154336734694,5-10%,3114,5012,45164,0.06894872021964396,3,97,152,168,0.48,tall,True,True,True
2007_005331,3,934,0.018614477040816327,<2%,934,5012,45164,0.020680187760162963,10,62,35,107,1.7692307692307692,wide,True,True,True
2007_005331,5,713,0.01420998086734694,<2%,713,5012,45164,0.01578690992826145,7,0,38,26,0.84375,square,True,True,True
2007_005354,2,9703,0.19337930484693877,10-20%,9703,2514,47662,0.2035793714069909,60,0,223,96,0.5914634146341463,tall,True,True,True
2007_005360,1,16628,0.33139349489795916,20-40%,16628,1928,48248,0.3446360470900348,66,0,162,223,2.3092783505154637,wide,True,True,True
2007_005368,2,31652,0.6308195153061225,>=40%,31652,3510,46666,0.6782668323833198,0,20,223,214,0.8705357142857143,square,True,True,True
2007_005702,2,15544,0.30978954081632654,20-40%,15544,5263,44913,0.34609133213100884,0,46,223,219,0.7767857142857143,square,True,True,True
2007_005797,3,2227,0.04438376913265306,2-5%,2227,3398,46778,0.047607849843943735,0,17,80,60,0.5432098765432098,tall,True,True,True
2007_005813,2,1241,0.02473294005102041,2-5%,1241,4296,45880,0.02704882301656495,108,73,175,135,0.9264705882352942,square,True,True,True
2007_005845,1,5872,0.11702806122448979,10-20%,5872,1676,48500,0.1210721649484536,148,0,223,119,1.5789473684210527,wide,True,True,True
2007_005911,1,30411,0.606086575255102,>=40%,30411,1095,49081,0.6196084024367882,32,0,186,223,1.4451612903225806,square,True,True,True
2007_005951,2,2821,0.05622209821428571,5-10%,2821,2184,47992,0.0587806301050175,23,169,164,223,0.3873239436619718,tall,True,True,True
2007_005989,2,2692,0.05365114795918367,5-10%,2692,2303,47873,0.056232114135316355,58,100,153,169,0.7291666666666666,square,True,True,True
2007_006151,2,2594,0.05169802295918367,5-10%,2594,5286,44890,0.05778569837380263,59,34,180,87,0.4426229508196721,tall,True,True,True
2007_006277,1,20518,0.4089205994897959,>=40%,20518,1520,48656,0.4216951660637948,45,1,189,223,1.5379310344827586,wide,True,True,True
2007_006409,2,938,0.018694196428571428,<2%,938,2113,48063,0.019516051848615358,84,0,150,29,0.44776119402985076,tall,True,True,True
2007_006660,1,5826,0.11611128826530612,10-20%,5826,2239,47937,0.12153451404969022,153,0,210,136,2.3620689655172415,wide,True,True,True
2007_006699,2,20378,0.4061304209183674,>=40%,20378,1376,48800,0.41758196721311475,0,23,124,223,1.608,wide,True,True,True
2007_006900,3,857,0.01707987882653061,<2%,857,2260,47916,0.01788546623257367,72,0,118,33,0.723404255319149,square,True,True,True
2007_006944,1,6142,0.12240911989795919,10-20%,6142,2806,47370,0.1296601224403631,106,0,194,85,0.9662921348314607,square,True,True,True
2007_007007,3,7910,0.15764508928571427,10-20%,7910,4891,45285,0.1746715247874572,114,107,223,223,1.0636363636363637,square,True,True,True
2007_007109,1,24653,0.4913305165816326,>=40%,24653,3328,46848,0.5262337773224044,1,46,223,223,0.7982062780269058,square,True,True,True
2007_007130,2,1355,0.027004942602040817,2-5%,1355,3469,46707,0.029010640803305714,48,99,93,136,0.8260869565217391,square,True,True,True
2007_007154,1,16187,0.32260443239795916,20-40%,16187,1669,48507,0.33370441379594695,0,42,223,151,0.49107142857142855,tall,True,True,True
2007_007165,1,2705,0.05391023596938776,5-10%,2705,782,49394,0.054763736486212904,182,115,223,215,2.4047619047619047,wide,True,True,True
2007_007168,1,23856,0.47544642857142855,>=40%,23856,2610,47566,0.5015347096665685,24,29,214,223,1.0209424083769634,square,True,True,True
2007_007230,1,3555,0.07085060586734694,5-10%,3555,1956,48220,0.07372459560348403,75,122,172,177,0.5714285714285714,tall,True,True,True
2007_007235,1,3738,0.07449776785714286,5-10%,3738,6870,43306,0.08631598392832401,81,37,185,190,1.4666666666666666,square,True,True,True
2007_007414,2,5631,0.1122249681122449,10-20%,5631,1033,49143,0.11458396923264758,74,72,133,204,2.216666666666667,wide,True,True,True
2007_007415,2,13864,0.2763073979591837,20-40%,13864,2225,47951,0.2891284853287731,62,0,168,223,2.0934579439252334,wide,True,True,True
2007_007498,2,22914,0.45667251275510207,>=40%,22914,6219,43957,0.5212821621129741,0,36,223,223,0.8392857142857143,square,True,True,True
2007_007534,1,10312,0.20551658163265307,20-40%,10312,2390,47786,0.21579542125308668,93,85,223,214,0.9923664122137404,square,True,True,True
2007_007621,1,2635,0.05251514668367347,5-10%,2635,1224,48952,0.053828239908481776,62,144,119,206,1.0862068965517242,square,True,True,True
2007_007688,1,30827,0.6143773915816326,>=40%,30827,2903,47273,0.6521058532354621,0,0,223,223,1.0,square,True,True,True
2007_007818,1,807,0.016083386479591837,<2%,807,1430,48746,0.01655520452960243,67,157,99,184,0.8484848484848485,square,True,True,True
2007_007836,3,1574,0.031369579081632654,2-5%,1574,4088,46088,0.03415205693455997,70,177,156,223,0.5402298850574713,tall,True,True,True
2007_007902,2,7999,0.1594188456632653,10-20%,7999,2005,48171,0.1660542650142202,34,0,189,98,0.6346153846153846,tall,True,True,True
2007_007902,4,1839,0.03665098852040816,2-5%,1839,2005,48171,0.03817649623217288,29,0,90,79,1.2903225806451613,square,True,True,True
2007_007996,4,4149,0.0826889349489796,5-10%,4149,6816,43360,0.09568726937269373,145,76,223,182,1.3544303797468353,square,True,True,True
2007_008051,1,12269,0.24451929209183673,20-40%,12269,1198,48978,0.25050022459063254,67,42,223,174,0.8471337579617835,square,True,True,True
2007_008110,1,1282,0.025550063775510203,2-5%,1282,3815,46361,0.027652552792217597,87,58,131,122,1.4444444444444444,square,True,True,True
2007_008110,3,7106,0.14162149234693877,10-20%,7106,3815,46361,0.15327538232566165,49,36,223,142,0.6114285714285714,tall,True,True,True
2007_008110,4,1469,0.029276945153061226,2-5%,1469,3815,46361,0.03168611548499817,32,183,113,221,0.47560975609756095,tall,True,True,True
2007_008204,2,9117,0.1817004145408163,10-20%,9117,1672,48504,0.18796387926768926,67,147,195,223,0.5968992248062015,tall,True,True,True
2007_008260,2,36692,0.7312659438775511,>=40%,36692,945,49231,0.7453027563933294,0,0,223,223,1.0,square,True,True,True
2007_008407,2,872,0.017378826530612245,<2%,872,4812,45364,0.019222290803280133,94,170,129,197,0.7777777777777778,square,True,True,True
2007_008407,3,786,0.015664859693877552,<2%,786,4812,45364,0.017326514416718102,186,173,223,223,1.3421052631578947,square,True,True,True
2007_008526,5,1129,0.022500797193877552,2-5%,1129,2676,47500,0.023768421052631578,67,57,129,92,0.5714285714285714,tall,True,True,True
2007_008543,3,2964,0.059072066326530615,5-10%,2964,1455,48721,0.060836189733379856,180,103,223,223,2.75,wide,True,True,True
2007_008547,4,881,0.017558195153061226,<2%,881,6807,43369,0.020314049205653807,103,0,160,36,0.6379310344827587,tall,True,True,True
2007_008778,1,2211,0.044064891581632654,2-5%,2211,1373,48803,0.04530459193082392,1,182,88,215,0.38636363636363635,tall,True,True,True
2007_008778,2,3085,0.06148357780612245,5-10%,3085,1373,48803,0.06321332704956663,5,0,223,72,0.3333333333333333,tall,True,True,True
2007_008945,1,18217,0.36306202168367346,20-40%,18217,12468,37708,0.48310703299034685,124,0,223,223,2.24,wide,True,True,True
2007_008973,1,9117,0.1817004145408163,10-20%,9117,1514,48662,0.18735358185031442,31,127,182,223,0.6381578947368421,tall,True,True,True
2007_008994,2,2223,0.04430404974489796,2-5%,2223,2899,47277,0.047020750047591854,94,0,203,41,0.38181818181818183,tall,True,True,True
2007_009068,1,1753,0.03493702168367347,2-5%,1753,3109,47067,0.037244778719697454,180,170,222,223,1.255813953488372,square,True,True,True
2007_009139,2,2503,0.049884406887755105,2-5%,2503,6316,43860,0.05706794345645235,0,19,119,60,0.35,tall,True,True,True
2007_009139,5,970,0.019331951530612245,<2%,970,6316,43860,0.022115823073415412,0,74,46,113,0.851063829787234,square,True,True,True
2007_009331,4,939,0.018714126275510203,<2%,939,2767,47409,0.01980636587989622,118,117,156,177,1.564102564102564,wide,True,True,True
2007_009346,2,5708,0.11375956632653061,10-20%,5708,2173,48003,0.1189092348394892,63,108,187,219,0.896,square,True,True,True
2007_009413,2,1200,0.02391581632653061,2-5%,1200,8904,41272,0.029075402209730566,52,107,106,149,0.7818181818181819,square,True,True,True
2007_009435,2,7318,0.1458466198979592,10-20%,7318,1358,48818,0.14990372403621616,94,0,191,110,1.1326530612244898,square,True,True,True
2007_009458,2,1158,0.02307876275510204,2-5%,1158,1341,48835,0.0237125012798198,2,54,39,96,1.131578947368421,square,True,True,True
2007_009458,3,882,0.017578125,<2%,882,1341,48835,0.018060817036961194,9,98,39,133,1.1612903225806452,square,True,True,True
2007_009458,7,600,0.011957908163265306,<2%,600,1341,48835,0.012286270093170881,0,190,22,223,1.4782608695652173,square,True,True,True
2007_009550,5,977,0.019471460459183673,<2%,977,3727,46449,0.021033822041378717,181,190,223,222,0.7674418604651163,square,True,True,True
2007_009649,4,1322,0.026347257653061226,2-5%,1322,7889,42287,0.03126256296261262,82,82,150,137,0.8115942028985508,square,True,True,True
2007_009649,7,8200,0.1634247448979592,10-20%,8200,7889,42287,0.1939130229148438,52,0,223,165,0.9651162790697675,square,True,True,True
2007_009665,2,919,0.018315529336734693,<2%,919,1937,48239,0.019050975351893696,114,0,172,21,0.3728813559322034,tall,True,True,True
2007_009764,1,12405,0.2472297512755102,20-40%,12405,1499,48677,0.25484314974217803,77,106,204,223,0.921875,square,True,True,True
2007_009950,2,1585,0.03158880739795918,2-5%,1585,1209,48967,0.032368738129760856,77,104,130,142,0.7222222222222222,square,True,True,True
2008_000009,1,693,0.013811383928571428,<2%,693,565,49611,0.013968676301626655,97,94,130,135,1.2352941176470589,square,True,True,True
2008_000019,1,10795,0.21514269770408162,20-40%,10795,4793,45383,0.23786439856333869,0,29,143,217,1.3125,square,True,True,True
2008_000019,2,5454,0.10869738520408163,10-20%,5454,4793,45383,0.1201771588480268,60,53,187,175,0.9609375,square,True,True,True
2008_000120,1,19818,0.3949697066326531,20-40%,19818,4489,45687,0.4337776610414341,38,0,170,218,1.6466165413533835,wide,True,True,True
2008_000182,1,2053,0.040915975765306124,2-5%,2053,492,49684,0.041321149665888415,154,128,208,182,1.0,square,True,True,True
2008_000217,2,14775,0.29446348852040816,20-40%,14775,2116,48060,0.3074282147315855,33,104,223,212,0.5706806282722513,tall,True,True,True
2008_000226,5,1347,0.02684550382653061,2-5%,1347,2194,47982,0.028073027385269476,96,58,127,140,2.59375,wide,True,True,True
2008_000235,1,2263,0.04510124362244898,2-5%,2263,1466,48710,0.046458632724286596,57,137,133,189,0.6883116883116883,square,True,True,True
2008_000259,3,855,0.017040019132653062,<2%,855,2912,47264,0.018089878131347326,89,185,148,213,0.48333333333333334,tall,True,True,True
2008_000270,1,8866,0.1766980229591837,10-20%,8866,3812,46364,0.19122595116901045,86,12,223,186,1.2681159420289856,square,True,True,True
2008_000284,2,926,0.01845503826530612,<2%,926,4550,45626,0.020295445579274974,25,0,188,37,0.23170731707317074,tall,True,True,True
2008_000289,1,8561,0.17061941964285715,10-20%,8561,1084,49092,0.17438686547706347,53,29,223,108,0.4678362573099415,tall,True,True,True
2008_000365,1,4116,0.08203125,5-10%,4116,1516,48660,0.0845869297163995,130,134,222,221,0.946236559139785,square,True,True,True
2008_000400,1,907,0.01807637117346939,<2%,907,571,49605,0.01828444713234553,110,88,154,139,1.1555555555555554,square,True,True,True
2008_000422,1,17313,0.3450454400510204,20-40%,17313,2375,47801,0.3621890755423527,0,16,205,175,0.7766990291262136,square,True,True,True
2008_000464,1,13753,0.2740951849489796,20-40%,13753,1779,48397,0.28417050643634933,13,61,193,199,0.7679558011049724,square,True,True,True
2008_000505,1,19252,0.38368941326530615,20-40%,19252,1295,48881,0.3938544628792373,50,0,223,150,0.867816091954023,square,True,True,True
2008_000540,1,13141,0.261898118622449,20-40%,13141,1191,48985,0.26826579565173014,73,57,222,200,0.96,square,True,True,True
2008_000588,1,7381,0.14710220025510204,10-20%,7381,15002,35174,0.20984249729914142,39,53,190,203,0.993421052631579,square,True,True,True
2008_000711,2,3174,0.06325733418367346,5-10%,3174,3770,46406,0.06839632806102659,27,166,105,223,0.7341772151898734,square,True,True,True
2008_000760,3,767,0.015286192602040817,<2%,767,4273,45903,0.016709147550269046,0,0,72,39,0.547945205479452,tall,True,True,True
2008_000811,1,2076,0.04137436224489796,2-5%,2076,3460,46716,0.044438736193167225,33,150,207,223,0.4228571428571429,tall,True,True,True
2008_000841,1,25991,0.5179966517857143,>=40%,25991,2365,47811,0.5436196691138022,15,0,222,161,0.7788461538461539,square,True,True,True
2008_000992,1,21749,0.43345424107142855,>=40%,21749,1794,48382,0.44952668347732627,17,39,223,219,0.8743961352657005,square,True,True,True
2008_001070,1,5752,0.11463647959183673,10-20%,5752,966,49210,0.11688681162365373,70,66,173,153,0.8461538461538461,square,True,True,True
2008_001112,1,8565,0.17069913903061223,10-20%,8565,1931,48245,0.17753135039900508,69,85,223,191,0.6903225806451613,square,True,True,True
2008_001231,1,1803,0.03593351403061224,2-5%,1803,2273,47903,0.03763856125921132,42,89,137,137,0.5104166666666666,tall,True,True,True
2008_001375,3,5053,0.10070551658163265,10-20%,5053,4730,45446,0.11118690313778991,83,103,160,197,1.2179487179487178,square,True,True,True
2008_001379,1,11084,0.22090242346938777,20-40%,11084,1354,48822,0.2270287984924829,38,41,213,151,0.6306818181818182,tall,True,True,True
2008_001399,1,13599,0.27102598852040816,20-40%,13599,912,49264,0.2760433582331926,92,0,223,146,1.1136363636363635,square,True,True,True
2008_001404,1,9506,0.189453125,10-20%,9506,3315,46861,0.20285525276882696,27,79,223,176,0.49746192893401014,tall,True,True,True
2008_001439,1,4683,0.09333147321428571,5-10%,4683,9356,40820,0.11472317491425772,31,0,213,52,0.2896174863387978,tall,True,True,True
2008_001491,1,13885,0.27672592474489793,20-40%,13885,2605,47571,0.2918795064219798,51,0,171,223,1.8512396694214877,wide,True,True,True
2008_001682,1,3978,0.07928093112244898,5-10%,3978,1253,48923,0.08131144860290661,78,52,178,150,0.9801980198019802,square,True,True,True
2008_001997,4,5113,0.10190130739795919,10-20%,5113,2389,47787,0.10699562642559692,101,53,223,144,0.7479674796747967,square,True,True,True
2008_002032,1,994,0.019810267857142856,<2%,994,5928,44248,0.022464292171397577,7,0,223,22,0.10599078341013825,tall,True,True,True
2008_002123,2,860,0.017139668367346938,<2%,860,6121,44055,0.019521053228918398,64,187,132,212,0.37681159420289856,tall,True,True,True
2008_002212,2,1459,0.02907764668367347,2-5%,1459,2179,47997,0.03039773319165781,87,35,144,73,0.6724137931034483,square,True,True,True
2008_002212,3,862,0.01717952806122449,<2%,862,2179,47997,0.01795945579932079,52,58,96,95,0.8444444444444444,square,True,True,True
2008_002218,3,9601,0.1913464604591837,10-20%,9601,3231,46945,0.20451592288848652,42,110,184,215,0.7412587412587412,square,True,True,True
2008_002288,1,10739,0.2140266262755102,20-40%,10739,1693,48483,0.22150031969968856,86,74,223,218,1.0507246376811594,square,True,True,True
2008_002411,1,2783,0.05546476403061224,5-10%,2783,3243,46933,0.059297296145569216,119,64,210,159,1.0434782608695652,square,True,True,True
2008_002536,2,854,0.017020089285714284,<2%,854,2837,47339,0.01804009379158833,62,196,130,223,0.4057971014492754,tall,True,True,True
2008_002623,1,4834,0.09634088010204081,5-10%,4834,811,49365,0.0979236301022992,167,0,223,207,3.6491228070175437,wide,True,True,True
2008_002681,1,10264,0.20455994897959184,20-40%,10264,1290,48886,0.20995786114634046,44,99,223,194,0.5333333333333333,tall,True,True,True
2008_002894,1,9588,0.19108737244897958,10-20%,9588,4264,45912,0.20883429168844747,105,0,223,203,1.7142857142857142,wide,True,True,True
2008_002929,1,8179,0.1630062181122449,10-20%,8179,3493,46683,0.1752029646766489,123,5,223,223,2.1683168316831685,wide,True,True,True
2008_003034,1,6648,0.13249362244897958,10-20%,6648,2931,47245,0.14071330299502594,161,0,214,223,4.148148148148148,wide,True,True,True
2008_003065,1,21493,0.42835220025510207,>=40%,21493,3364,46812,0.45913440998034694,0,24,223,223,0.8928571428571429,square,True,True,True
2008_003094,1,931,0.0185546875,<2%,931,3157,47019,0.01980050617835343,133,156,190,190,0.603448275862069,tall,True,True,True
2008_003333,1,2397,0.047771843112244895,2-5%,2397,4358,45818,0.052315683792396005,61,179,125,223,0.6923076923076923,square,True,True,True
2008_003333,2,3982,0.07936065051020408,5-10%,3982,4358,45818,0.08690907503601204,86,50,198,189,1.238938053097345,square,True,True,True
2008_003333,3,3339,0.06654575892857142,5-10%,3339,4358,45818,0.07287528918765551,52,112,173,176,0.5327868852459017,tall,True,True,True
2008_003362,1,3646,0.07266422193877552,5-10%,3646,900,49276,0.07399139540547123,37,116,84,223,2.25,wide,True,True,True
2008_003461,4,1737,0.03461814413265306,2-5%,1737,4218,45958,0.03779537838896384,104,171,202,223,0.5353535353535354,tall,True,True,True
2008_003477,1,1387,0.027642697704081634,2-5%,1387,3194,46982,0.0295219445745179,81,182,121,223,1.024390243902439,square,True,True,True
2008_003500,1,36105,0.7195671237244898,>=40%,36105,1354,48822,0.7395231657859161,0,2,190,215,1.1204188481675392,square,True,True,True
2008_003511,3,20150,0.40158641581632654,>=40%,20150,2478,47698,0.4224495785986834,16,101,223,223,0.5913461538461539,tall,True,True,True
2008_003523,4,667,0.013293207908163265,<2%,667,4950,45226,0.014748153716888516,188,0,223,39,1.1111111111111112,square,True,True,True
2008_003585,1,22713,0.45266661352040816,>=40%,22713,1348,48828,0.4651634308183829,16,0,196,139,0.7734806629834254,square,True,True,True
2008_003676,2,5199,0.10361527423469388,10-20%,5199,6046,44130,0.1178110129163834,94,110,223,167,0.4461538461538462,tall,True,True,True
2008_003733,3,14169,0.2823860012755102,20-40%,14169,3836,46340,0.30576176089771256,29,31,223,210,0.9230769230769231,square,True,True,True
2008_003814,2,3162,0.06301817602040816,5-10%,3162,349,49827,0.06345957011258956,139,0,223,56,0.6705882352941176,square,True,True,True
2008_003874,1,13326,0.26558514030612246,20-40%,13326,6456,43720,0.30480329368709974,27,0,223,99,0.5076142131979695,tall,True,True,True
2008_003874,2,16767,0.334163743622449,20-40%,16767,6456,43720,0.38350869167429097,11,109,222,223,0.5424528301886793,tall,True,True,True
2008_003998,1,43087,0.8587173150510204,>=40%,43087,3138,47038,0.9160040818061992,18,0,223,223,1.087378640776699,square,True,True,True
2008_004175,1,6003,0.11963887117346939,10-20%,6003,2308,47868,0.12540737026823764,59,0,131,146,2.0136986301369864,wide,True,True,True
2008_004212,1,6958,0.138671875,10-20%,6958,1076,49100,0.14171079429735234,90,62,164,223,2.16,wide,True,True,True
2008_004321,5,918,0.01829559948979592,<2%,918,2703,47473,0.019337307522170496,181,0,223,23,0.5581395348837209,tall,True,True,True
2008_004583,1,15523,0.30937101403061223,20-40%,15523,1270,48906,0.3174048174048174,59,0,161,223,2.174757281553398,wide,True,True,True
2008_004588,1,4613,0.09193638392857142,5-10%,4613,591,49585,0.09303216698598367,166,113,221,223,1.9821428571428572,wide,True,True,True
2008_004610,1,26015,0.5184749681122449,>=40%,26015,1651,48525,0.5361154044307058,36,0,206,223,1.3099415204678362,square,True,True,True
2008_004758,1,6292,0.1253985969387755,10-20%,6292,5947,44229,0.14225960342761537,26,0,209,182,0.9945652173913043,square,True,True,True
2008_004776,3,4998,0.099609375,5-10%,4998,2610,47566,0.10507505360972123,146,0,223,97,1.2564102564102564,square,True,True,True
2008_004946,1,20966,0.4178491709183674,>=40%,20966,2845,47331,0.44296549829921195,16,0,193,206,1.1629213483146068,square,True,True,True
2008_005006,1,6739,0.13430723852040816,10-20%,6739,623,49553,0.13599580247411863,70,51,145,143,1.2236842105263157,square,True,True,True
2008_005089,3,787,0.015684789540816327,<2%,787,3307,46869,0.01679148264311165,131,193,171,223,0.7560975609756098,square,True,True,True
2008_005197,4,2470,0.04922672193877551,2-5%,2470,4011,46165,0.05350373659698906,27,156,158,209,0.4090909090909091,tall,True,True,True
2008_005342,2,10447,0.20820711096938777,20-40%,10447,5677,44499,0.23476932065889122,131,0,223,166,1.7956989247311828,wide,True,True,True
2008_005541,1,12939,0.2578722895408163,20-40%,12939,1618,48558,0.26646484616335103,56,0,152,223,2.3092783505154637,wide,True,True,True
2008_005600,1,6602,0.13157684948979592,10-20%,6602,3631,46545,0.14184122891825116,53,19,223,111,0.543859649122807,tall,True,True,True
2008_005678,1,20911,0.4167530293367347,>=40%,20911,1400,48776,0.42871494177464325,53,35,203,223,1.2516556291390728,square,True,True,True
2008_005680,3,4384,0.08737244897959184,5-10%,4384,2472,47704,0.09190005031024652,113,37,223,107,0.6396396396396397,tall,True,True,True
2008_005716,1,12762,0.2543447066326531,20-40%,12762,1631,48545,0.2628901019672469,4,2,127,223,1.7903225806451613,wide,True,True,True
2008_006008,1,2900,0.05779655612244898,5-10%,2900,4047,46129,0.06286717683019359,158,101,223,196,1.4545454545454546,square,True,True,True
2008_006008,4,3851,0.07674984056122448,5-10%,3851,4047,46129,0.08348327516312948,134,17,223,158,1.5777777777777777,wide,True,True,True
2008_006063,1,31200,0.6218112244897959,>=40%,31200,2554,47622,0.6551593801184327,0,0,223,223,1.0,square,True,True,True
2008_006215,1,23415,0.46665736607142855,>=40%,23415,2127,48049,0.4873150325709172,41,1,196,221,1.4166666666666667,square,True,True,True
2008_006221,1,834,0.016621492346938774,<2%,834,2885,47291,0.017635490896787974,65,24,98,60,1.088235294117647,square,True,True,True
2008_006254,7,13938,0.2777822066326531,20-40%,13938,9130,41046,0.33957023826925886,62,18,207,212,1.3356164383561644,square,True,True,True
2008_006275,2,9627,0.19186463647959184,10-20%,9627,4218,45958,0.20947386744418817,43,76,223,161,0.47513812154696133,tall,True,True,True
2008_006289,1,673,0.013412786989795918,<2%,673,2737,47439,0.014186639684647652,120,154,164,190,0.8222222222222222,square,True,True,True
2008_006289,3,19546,0.38954878826530615,20-40%,19546,2737,47439,0.4120238622230654,0,0,203,187,0.9215686274509803,square,True,True,True
2008_007090,1,976,0.0194515306122449,<2%,976,3601,46575,0.020955448201825013,118,0,158,45,1.1219512195121952,square,True,True,True
2008_007378,2,3986,0.07944036989795919,5-10%,3986,5550,44626,0.08932012728006095,0,139,118,223,0.7142857142857143,square,True,True,True
2008_007402,2,16358,0.3260124362244898,20-40%,16358,3924,46252,0.35367119259707686,0,52,223,160,0.48660714285714285,tall,True,True,True
2008_007402,5,950,0.018933354591836735,<2%,950,3924,46252,0.020539652339358297,61,0,143,43,0.5301204819277109,tall,True,True,True
2008_007428,2,625,0.012456154336734694,<2%,625,634,49542,0.01261555851600662,162,158,190,188,1.0689655172413792,square,True,True,True
2008_007737,1,1039,0.020707110969387755,2-5%,1039,3078,47098,0.022060384729712515,70,102,159,130,0.32222222222222224,tall,True,True,True
2008_007797,1,29813,0.5941685267857143,>=40%,29813,1537,48639,0.6129443450728839,27,35,202,223,1.0738636363636365,square,True,True,True
2008_007811,1,20608,0.4107142857142857,>=40%,20608,1198,48978,0.42076034137776147,0,63,223,193,0.5848214285714286,tall,True,True,True
2008_008051,1,40136,0.7999043367346939,>=40%,40136,1074,49102,0.8174005132173843,44,0,223,223,1.2444444444444445,square,True,True,True
2008_008051,2,7136,0.14221938775510204,10-20%,7136,1074,49102,0.14533012911897683,0,13,43,223,4.795454545454546,wide,True,True,True
2008_008193,1,14752,0.2940051020408163,20-40%,14752,3286,46890,0.3146086585625933,29,49,195,223,1.0479041916167664,square,True,True,True
2008_008268,3,933,0.018594547193877552,<2%,933,1875,48301,0.01931637026148527,152,179,201,223,0.9,square,True,True,True
2008_008362,4,2932,0.0584343112244898,5-10%,2932,4931,45245,0.06480274063432423,93,102,162,175,1.0571428571428572,square,True,True,True
2008_008682,2,1939,0.03864397321428571,2-5%,1939,1105,49071,0.039514173340669645,104,67,149,114,1.0434782608695652,square,True,True,True
2009_000121,3,2048,0.04081632653061224,2-5%,2048,1999,48177,0.04250991136849534,0,191,73,223,0.44594594594594594,tall,True,True,True
2009_000133,1,4639,0.0924545599489796,5-10%,4639,2438,47738,0.09717625371821191,117,0,187,215,3.0422535211267605,wide,True,True,True
2009_000335,3,1608,0.03204719387755102,2-5%,1608,1753,48423,0.03320736013877703,81,0,173,18,0.20430107526881722,tall,True,True,True
2009_000409,1,571,0.011379942602040817,<2%,571,1704,48472,0.011779996699125269,125,0,159,32,0.9428571428571428,square,True,True,True
2009_000426,1,10788,0.2150031887755102,20-40%,10788,1638,48538,0.222258848737072,49,0,166,103,0.8813559322033898,square,True,True,True
2009_000469,1,9120,0.18176020408163265,10-20%,9120,6668,43508,0.2096166222303944,25,0,190,176,1.0662650602409638,square,True,True,True
2009_000488,2,766,0.01526626275510204,<2%,766,1714,48462,0.015806198671123768,97,97,133,131,0.9459459459459459,square,True,True,True
2009_000503,1,2145,0.04274952168367347,2-5%,2145,724,49452,0.04337539432176656,68,42,155,98,0.6477272727272727,tall,True,True,True
2009_000505,3,3051,0.06080596301020408,5-10%,3051,12503,37673,0.08098638282058769,30,52,137,157,0.9814814814814815,square,True,True,True
2009_000573,1,6450,0.12854751275510204,10-20%,6450,6142,44034,0.14647772176045784,53,0,198,223,1.5342465753424657,wide,True,True,True
2009_000664,1,4387,0.08743223852040816,5-10%,4387,2627,47549,0.09226271845885298,12,101,171,173,0.45625,tall,True,True,True
2009_000675,1,3577,0.0712890625,5-10%,3577,1583,48593,0.07361142551396292,81,39,144,131,1.453125,square,True,True,True
2009_000705,1,2317,0.046177455357142856,2-5%,2317,1854,48322,0.047949174289143665,81,80,153,191,1.5342465753424657,wide,True,True,True
2009_000712,1,11611,0.23140545280612246,20-40%,11611,1068,49108,0.2364380548994054,94,0,185,160,1.75,wide,True,True,True
2009_000727,1,3733,0.07439811862244898,5-10%,3733,3555,46621,0.08007121254370349,65,74,199,216,1.0592592592592593,square,True,True,True
2009_000731,1,32454,0.6468032525510204,>=40%,32454,15755,34421,0.9428546526829552,0,0,223,223,1.0,square,True,True,True
2009_000931,1,1195,0.023816167091836735,2-5%,1195,1779,48397,0.024691613116515486,54,181,116,223,0.6825396825396826,square,True,True,True
2009_001019,4,5976,0.11910076530612244,10-20%,5976,2299,47877,0.12481985086784886,47,21,97,223,3.980392156862745,wide,True,True,True
2009_001082,2,21624,0.4309630102040816,>=40%,21624,1618,48558,0.44532311874459407,8,0,203,137,0.7040816326530612,square,True,True,True
2009_001104,4,608,0.01211734693877551,<2%,608,2726,47450,0.012813487881981033,61,0,106,19,0.43478260869565216,tall,True,True,True
2009_001117,1,8818,0.17574139030612246,10-20%,8818,3083,47093,0.18724651222049987,14,14,143,143,1.0,square,True,True,True
2009_001145,1,12718,0.2534677933673469,20-40%,12718,2258,47918,0.26541174506448517,46,2,178,163,1.218045112781955,square,True,True,True
2009_001197,1,22736,0.453125,>=40%,22736,1783,48393,0.4698200152914678,57,37,201,223,1.289655172413793,square,True,True,True
2009_001205,1,23923,0.47678172831632654,>=40%,23923,1681,48495,0.49330858851427983,19,24,197,197,0.9720670391061452,square,True,True,True
2009_001251,1,24421,0.48670679209183676,>=40%,24421,2579,47597,0.5130785553711369,12,1,223,193,0.910377358490566,square,True,True,True
2009_001253,1,11297,0.22514748086734693,20-40%,11297,2797,47379,0.23843897085206525,26,53,223,170,0.5959595959595959,tall,True,True,True
2009_001300,1,5361,0.10684390943877552,10-20%,5361,1005,49171,0.10902767891643449,87,73,164,193,1.5512820512820513,wide,True,True,True
2009_001339,1,3718,0.07409917091836735,5-10%,3718,4371,45805,0.08117017792817378,115,54,223,113,0.5504587155963303,tall,True,True,True
2009_001388,1,988,0.019690688775510203,<2%,988,344,49832,0.01982661743458019,98,113,127,157,1.5,wide,True,True,True
2009_001422,1,13631,0.271663743622449,20-40%,13631,1998,48178,0.2829299680352028,0,37,223,152,0.5178571428571429,tall,True,True,True
2009_001443,2,3354,0.06684470663265306,5-10%,3354,1243,48933,0.06854270124455888,138,116,194,207,1.6140350877192982,wide,True,True,True
2009_001444,1,31157,0.6209542410714286,>=40%,31157,2559,47617,0.6543251359808472,9,0,223,164,0.7674418604651163,square,True,True,True
2009_001481,1,5588,0.11136798469387756,10-20%,5588,8492,41684,0.1340562326072354,46,0,195,180,1.2066666666666668,square,True,True,True
2009_001505,2,4923,0.09811463647959184,5-10%,4923,4566,45610,0.10793685595264196,99,65,218,167,0.8583333333333333,square,True,True,True
2009_001514,2,967,0.01927216198979592,<2%,967,4871,45305,0.021344222491998674,164,52,215,94,0.8269230769230769,square,True,True,True
2009_001514,4,7120,0.14190051020408162,10-20%,7120,4871,45305,0.157157046683589,8,87,191,219,0.7228260869565217,square,True,True,True
2009_001607,1,4469,0.08906648596938775,5-10%,4469,1822,48354,0.09242255035777805,0,73,184,155,0.4486486486486487,tall,True,True,True
2009_001690,1,20329,0.4051538584183674,>=40%,20329,1941,48235,0.42145744791126777,2,90,223,223,0.6036036036036037,tall,True,True,True
2009_001718,1,11045,0.2201251594387755,20-40%,11045,2725,47451,0.2327664327411435,48,31,223,167,0.7784090909090909,square,True,True,True
2009_001768,1,1590,0.03168845663265306,2-5%,1590,4004,46172,0.034436454994368884,0,66,34,144,2.257142857142857,wide,True,True,True
2009_001775,4,2399,0.04781170280612245,2-5%,2399,3486,46690,0.05138145213107732,158,0,214,58,1.0350877192982457,square,True,True,True
2009_001802,1,3515,0.07005341198979592,5-10%,3515,586,49590,0.07088122605363985,83,84,159,140,0.7402597402597403,square,True,True,True
2009_001961,2,4198,0.0836654974489796,5-10%,4198,3186,46990,0.08933815705469249,54,189,194,223,0.24822695035460993,tall,True,True,True
2009_001972,1,5510,0.10981345663265306,10-20%,5510,1271,48905,0.112667416419589,91,22,222,143,0.9242424242424242,square,True,True,True
2009_002082,1,4164,0.08298788265306123,5-10%,4164,2552,47624,0.08743490676969595,75,0,155,121,1.5061728395061729,wide,True,True,True
2009_002122,1,7632,0.1521045918367347,10-20%,7632,2533,47643,0.16019142371387193,62,65,159,214,1.530612244897959,wide,True,True,True
2009_002150,1,18556,0.3698182397959184,20-40%,18556,3478,46698,0.397361771382072,18,16,222,198,0.8926829268292683,square,True,True,True
2009_002155,1,15577,0.31044722576530615,20-40%,15577,1399,48777,0.31935133362035384,33,0,212,165,0.9222222222222223,square,True,True,True
2009_002165,2,7420,0.14787946428571427,10-20%,7420,2020,48156,0.15408256499709277,82,29,173,163,1.4673913043478262,square,True,True,True
2009_002229,1,20905,0.41663345025510207,>=40%,20905,2989,47187,0.443024561849662,0,41,212,223,0.8591549295774648,square,True,True,True
2009_002268,1,11828,0.23573022959183673,20-40%,11828,1621,48555,0.24360004119040263,109,23,223,222,1.7391304347826086,wide,True,True,True
2009_002317,1,11955,0.23826132015306123,20-40%,11955,2619,47557,0.25138255146455835,50,0,176,174,1.3779527559055118,square,True,True,True
2009_002343,5,14537,0.2897201849489796,20-40%,14537,1685,48491,0.2997875894495886,68,0,186,178,1.504201680672269,wide,True,True,True
2009_002382,5,868,0.017299107142857144,<2%,868,4870,45306,0.019158610338586502,98,196,168,223,0.39436619718309857,tall,True,True,True
2009_002416,2,6672,0.1329719387755102,10-20%,6672,3571,46605,0.14316060508529127,5,32,179,121,0.5142857142857142,tall,True,True,True
2009_002487,1,4504,0.0897640306122449,5-10%,4504,6819,43357,0.10388172613418825,121,50,223,165,1.1262135922330097,square,True,True,True
2009_002584,2,801,0.015963807397959183,<2%,801,5639,44537,0.017985046141410513,0,71,19,140,3.5,wide,True,True,True
2009_002584,3,3831,0.07635124362244898,5-10%,3831,5639,44537,0.08601836675124054,44,27,128,174,1.7411764705882353,wide,True,True,True
2009_002618,1,6055,0.12067522321428571,10-20%,6055,671,49505,0.12231087768912231,106,0,223,71,0.6101694915254238,tall,True,True,True
2009_002628,1,9545,0.19023038903061223,10-20%,9545,3273,46903,0.2035051062831802,51,60,215,157,0.593939393939394,tall,True,True,True
2009_002713,1,27949,0.5570192920918368,>=40%,27949,1775,48401,0.5774467469680379,32,1,183,221,1.4539473684210527,square,True,True,True
2009_002727,2,1224,0.024394132653061226,2-5%,1224,695,49481,0.024736767648188194,125,133,161,221,2.4054054054054053,wide,True,True,True
2009_002749,1,14759,0.29414461096938777,20-40%,14759,1886,48290,0.30563263615655417,0,16,223,89,0.33035714285714285,tall,True,True,True
2009_002820,1,12303,0.2451969068877551,20-40%,12303,1921,48255,0.2549580354367423,32,50,194,180,0.803680981595092,square,True,True,True
2009_002820,2,12931,0.25771285076530615,20-40%,12931,1921,48255,0.267972230856906,0,0,92,223,2.4086021505376345,wide,True,True,True
2009_002912,1,901,0.017956792091836735,<2%,901,1841,48335,0.018640736526326678,90,13,121,66,1.6875,wide,True,True,True
2009_002932,3,823,0.016402264030612245,<2%,823,5245,44931,0.0183169749170951,119,0,155,22,0.6216216216216216,tall,True,True,True
2009_002936,1,6013,0.11983816964285714,10-20%,6013,1045,49131,0.12238708758217826,43,76,200,150,0.47468354430379744,tall,True,True,True
2009_002984,2,3994,0.07959980867346939,5-10%,3994,1985,48191,0.08287854578655765,60,154,128,223,1.0144927536231885,square,True,True,True
2009_003059,2,13640,0.27184311224489793,20-40%,13640,3931,46245,0.2949508054924857,57,0,223,130,0.7844311377245509,square,True,True,True
2009_003063,2,740,0.014748086734693877,<2%,740,1212,48964,0.01511314435095172,124,123,159,171,1.3611111111111112,square,True,True,True
2009_003105,1,14817,0.29530054209183676,20-40%,14817,1337,48839,0.3033845901840742,45,0,159,202,1.7652173913043478,wide,True,True,True
2009_003146,1,6456,0.1286670918367347,10-20%,6456,3239,46937,0.13754607239491232,66,13,147,183,2.0853658536585367,wide,True,True,True
2009_003224,1,5532,0.11025191326530612,10-20%,5532,7810,42366,0.13057640560827077,17,0,213,202,1.0304568527918783,square,True,True,True
2009_003273,1,26219,0.5225406568877551,>=40%,26219,2900,47276,0.554594297317878,31,0,222,183,0.9583333333333334,square,True,True,True
2009_003387,3,527,0.010503029336734694,<2%,527,1719,48457,0.01087562168520544,33,32,52,58,1.35,square,True,True,True
2009_003481,3,2519,0.05020328443877551,5-10%,2519,3378,46798,0.05382708662763366,75,48,121,184,2.9148936170212765,wide,True,True,True
2009_003522,2,954,0.019013073979591837,<2%,954,2347,47829,0.01994605783102302,60,78,89,118,1.3666666666666667,square,True,True,True
2009_003551,1,10838,0.21599968112244897,20-40%,10838,1371,48805,0.22206741112590922,68,80,193,213,1.0634920634920635,square,True,True,True
2009_003666,5,838,0.01670121173469388,<2%,838,3109,47067,0.017804406484373342,67,126,109,175,1.1627906976744187,square,True,True,True
2009_003736,1,6972,0.13895089285714285,10-20%,6972,1057,49119,0.14194100042753313,40,147,222,223,0.4207650273224044,tall,True,True,True
2009_003773,1,25279,0.5038066007653061,>=40%,25279,6015,44161,0.5724281605941894,2,53,223,223,0.7702702702702703,square,True,True,True
2009_003895,3,1186,0.023636798469387755,2-5%,1186,2867,47309,0.025069225728719693,0,54,17,119,3.6666666666666665,wide,True,True,True
2009_003928,1,7575,0.1509685905612245,10-20%,7575,1095,49081,0.1543367087060166,91,67,200,183,1.0636363636363637,square,True,True,True
2009_004043,2,5809,0.11577248086734694,10-20%,5809,3206,46970,0.12367468596976794,36,62,160,165,0.832,square,True,True,True
2009_004099,1,1590,0.03168845663265306,2-5%,1590,1168,49008,0.03244368266405485,60,68,126,118,0.7611940298507462,square,True,True,True
2009_004105,2,2423,0.04829001913265306,2-5%,2423,3728,46448,0.052165862900447814,0,0,135,69,0.5147058823529411,tall,True,True,True
2009_004171,1,684,0.01363201530612245,<2%,684,3527,46649,0.014662693734056464,127,194,177,223,0.5882352941176471,tall,True,True,True
2009_004171,3,2705,0.05391023596938776,5-10%,2705,3527,46649,0.057986237647109265,61,61,119,132,1.2203389830508475,square,True,True,True
2009_004180,1,6524,0.13002232142857142,10-20%,6524,2436,47740,0.13665689149560117,117,74,171,223,2.727272727272727,wide,True,True,True
2009_004186,1,17683,0.3524194834183674,20-40%,17683,2406,47770,0.37016956248691646,51,17,203,200,1.2026143790849673,square,True,True,True
2009_004213,1,12375,0.24663185586734693,20-40%,12375,1463,48713,0.2540389629051793,54,42,170,170,1.1025641025641026,square,True,True,True
2009_004221,1,6213,0.12382413903061225,10-20%,6213,1972,48204,0.12888971869554394,4,121,207,195,0.36764705882352944,tall,True,True,True
2009_004228,1,13797,0.2749720982142857,20-40%,13797,3168,47008,0.29350323349217156,142,0,222,212,2.6296296296296298,wide,True,True,True
2009_004228,3,6116,0.12189094387755102,10-20%,6116,3168,47008,0.13010551395507147,48,45,147,156,1.12,square,True,True,True
2009_004301,1,3504,0.06983418367346939,5-10%,3504,10004,40172,0.08722493278900727,45,97,178,158,0.4626865671641791,tall,True,True,True
2009_004327,1,22418,0.4467873086734694,>=40%,22418,1437,48739,0.4599601961468229,53,0,184,223,1.696969696969697,wide,True,True,True
2009_004464,1,22693,0.4522680165816326,>=40%,22693,1499,48677,0.4661955338250098,53,24,199,223,1.3605442176870748,square,True,True,True
2009_004509,1,1727,0.03441884566326531,2-5%,1727,1410,48766,0.03541401796333511,97,82,190,128,0.5,tall,True,True,True
2009_004539,1,10430,0.20786830357142858,20-40%,10430,3014,47162,0.221152622874348,16,43,214,194,0.7638190954773869,square,True,True,True
2009_004626,1,8640,0.17219387755102042,10-20%,8640,5416,44760,0.19302949061662197,17,3,174,211,1.3227848101265822,square,True,True,True
2009_004789,1,25881,0.5158043686224489,>=40%,25881,1977,48199,0.5369613477458038,41,0,204,223,1.3658536585365855,square,True,True,True
2009_004789,2,6125,0.1220703125,10-20%,6125,1977,48199,0.1270773252557107,45,0,184,101,0.7285714285714285,square,True,True,True
2009_004790,1,17232,0.3434311224489796,20-40%,17232,2096,48080,0.3584026622296173,5,60,223,196,0.6255707762557078,tall,True,True,True
2009_004829,1,27411,0.5462970344387755,>=40%,27411,1683,48493,0.5652568411935743,23,16,203,199,1.0165745856353592,square,True,True,True
2009_004848,2,4107,0.08185188137755102,5-10%,4107,4760,45416,0.09043068522106747,24,76,193,147,0.4235294117647059,tall,True,True,True
2009_004867,1,27127,0.5406369579081632,>=40%,27127,1305,48871,0.5550735610075505,37,0,189,223,1.4640522875816993,square,True,True,True
2009_004890,1,953,0.018993144132653062,<2%,953,4058,46118,0.020664382670540788,149,0,222,27,0.3783783783783784,tall,True,True,True
2009_004901,1,3004,0.059869260204081634,5-10%,3004,2007,48169,0.06236376092507629,90,8,125,166,4.416666666666667,wide,True,True,True
2009_004939,2,22232,0.44308035714285715,>=40%,22232,4991,45185,0.49202168861347795,30,1,223,223,1.1494845360824741,square,True,True,True
2009_004994,1,12737,0.2538464604591837,20-40%,12737,2483,47693,0.2670622523221437,63,92,222,198,0.66875,square,True,True,True
2009_005000,1,24721,0.4926857461734694,>=40%,24721,4826,45350,0.5451157662624035,0,29,223,179,0.6741071428571429,square,True,True,True
2009_005085,1,21223,0.4229711415816326,>=40%,21223,2196,47980,0.44233013755731554,77,23,221,223,1.3862068965517242,square,True,True,True
2009_005087,2,1659,0.03306361607142857,2-5%,1659,4231,45945,0.03610839046686255,26,41,150,117,0.616,tall,True,True,True
2009_005160,1,20642,0.4113919005102041,>=40%,20642,2293,47883,0.4310924545245703,7,0,223,138,0.6405529953917051,tall,True,True,True
2009_005287,1,15710,0.31309789540816324,20-40%,15710,1975,48201,0.3259268479907056,75,0,174,223,2.24,wide,True,True,True
2010_000148,3,3901,0.07774633290816327,5-10%,3901,2754,47422,0.08226139766353169,72,0,223,49,0.32894736842105265,tall,True,True,True
2010_000160,1,37878,0.7549027423469388,>=40%,37878,3546,46630,0.8123096718850525,16,0,219,223,1.0980392156862746,square,True,True,True
2010_000160,2,931,0.0185546875,<2%,931,3546,46630,0.019965687325755953,20,0,67,50,1.0625,square,True,True,True
2010_000174,1,6658,0.13269292091836735,10-20%,6658,3240,46936,0.14185273564002046,186,0,223,223,5.894736842105263,wide,True,True,True
2010_000256,1,14579,0.29055723852040816,20-40%,14579,2633,47543,0.30664871800265026,40,0,168,223,1.7364341085271318,wide,True,True,True
2010_000272,1,13790,0.2748325892857143,20-40%,13790,2547,47629,0.2895294883369376,37,0,124,223,2.5454545454545454,wide,True,True,True
2010_000437,1,10501,0.20928332270408162,20-40%,10501,3817,46359,0.22651480834357945,77,0,187,223,2.018018018018018,wide,True,True,True
2010_000503,2,3958,0.07888233418367346,5-10%,3958,2553,47623,0.08311110177855238,93,38,223,83,0.3511450381679389,tall,True,True,True
2010_000503,3,4212,0.08394451530612244,5-10%,4212,2553,47623,0.08844465909329526,85,111,223,153,0.30935251798561153,tall,True,True,True
2010_000622,1,5919,0.11796476403061225,10-20%,5919,1142,49034,0.12071215891014399,87,0,148,175,2.838709677419355,wide,True,True,True
2010_000632,1,825,0.016442123724489797,<2%,825,1086,49090,0.016805866775310655,54,49,120,88,0.5970149253731343,tall,True,True,True
2010_000666,1,9632,0.19196428571428573,10-20%,9632,4058,46118,0.20885554447287394,51,0,198,200,1.3581081081081081,square,True,True,True
2010_000666,2,1820,0.03627232142857143,2-5%,1820,4058,46118,0.03946398369400234,22,72,110,128,0.6404494382022472,tall,True,True,True
2010_000675,1,29586,0.5896444515306123,>=40%,29586,1748,48428,0.6109275625671099,0,0,223,184,0.8258928571428571,square,True,True,True
2010_000738,2,787,0.015684789540816327,<2%,787,2387,47789,0.01646822490531294,73,187,106,217,0.9117647058823529,square,True,True,True
2010_000874,2,22189,0.4422233737244898,>=40%,22189,4644,45532,0.4873275937801985,4,71,223,223,0.6954545454545454,square,True,True,True
2010_000952,1,22031,0.43907445790816324,>=40%,22031,1672,48504,0.4542099620649843,35,0,181,223,1.5238095238095237,wide,True,True,True
2010_000986,1,1577,0.03142936862244898,2-5%,1577,1276,48900,0.03224948875255624,59,133,94,223,2.5277777777777777,wide,True,True,True
2010_001024,3,991,0.01975047831632653,<2%,991,5084,45092,0.021977290871995032,13,94,87,124,0.41333333333333333,tall,True,True,True
2010_001120,2,6030,0.12017697704081633,10-20%,6030,5835,44341,0.1359915202634131,86,0,223,92,0.6739130434782609,square,True,True,True
2010_001131,2,21746,0.43339445153061223,>=40%,21746,3164,47012,0.4625627499361865,0,1,172,173,1.0,square,True,True,True
2010_001246,4,915,0.01823580994897959,<2%,915,1652,48524,0.01885664825653285,97,72,135,109,0.9743589743589743,square,True,True,True
2010_001247,1,864,0.01721938775510204,<2%,864,1674,48502,0.017813698404189518,22,57,69,99,0.8958333333333334,square,True,True,True
2010_001247,4,1373,0.027363679846938774,2-5%,1373,1674,48502,0.02830811100573172,108,56,165,105,0.8620689655172413,square,True,True,True
2010_001279,1,2753,0.05486686862244898,5-10%,2753,3005,47171,0.058362129274342284,108,132,190,223,1.108433734939759,square,True,True,True
2010_001282,1,5113,0.10190130739795919,10-20%,5113,1173,49003,0.10434055057853601,63,117,222,223,0.66875,square,True,True,True
2010_001367,1,3463,0.0690170599489796,5-10%,3463,4689,45487,0.07613164200760657,49,54,206,208,0.9810126582278481,square,True,True,True
2010_001367,3,14281,0.2846181441326531,20-40%,14281,4689,45487,0.313957834106448,0,121,221,223,0.46396396396396394,tall,True,True,True
2010_001403,2,845,0.016840720663265307,<2%,845,1493,48683,0.017357188340899287,135,0,194,19,0.3333333333333333,tall,True,True,True
2010_001514,3,4988,0.09941007653061225,5-10%,4988,7581,42595,0.11710294635520602,0,0,69,113,1.6285714285714286,wide,True,True,True
2010_001522,1,10292,0.20511798469387754,20-40%,10292,3495,46681,0.22047513977849661,81,0,187,213,2.0,wide,True,True,True
2010_001576,1,39361,0.7844587053571429,>=40%,39361,702,49474,0.7955896026195578,30,0,223,223,1.1546391752577319,square,True,True,True
2010_001579,1,16761,0.3340441645408163,20-40%,16761,3462,46714,0.3588003596352271,142,0,222,223,2.765432098765432,wide,True,True,True
2010_001579,2,10936,0.21795280612244897,20-40%,10936,3462,46714,0.23410540737252217,2,0,150,129,0.87248322147651,square,True,True,True
2010_001590,1,33632,0.670280612244898,>=40%,33632,2289,47887,0.7023200451061875,19,0,213,223,1.1487179487179486,square,True,True,True
2010_001619,3,1989,0.03964046556122449,2-5%,1989,3633,46543,0.042734675461401285,123,12,219,52,0.422680412371134,tall,True,True,True
2010_001807,1,686,0.013671875,<2%,686,2946,47230,0.014524666525513446,192,93,214,135,1.8695652173913044,wide,True,True,True
2010_001850,2,1581,0.03150908801020408,2-5%,1581,4228,45948,0.034408461739357535,113,3,185,51,0.6712328767123288,square,True,True,True
2010_001850,3,3287,0.0655094068877551,5-10%,3287,4228,45948,0.07153739009314877,7,203,223,223,0.0967741935483871,tall,True,True,True
2010_001852,1,9352,0.18638392857142858,10-20%,9352,2347,47829,0.1955299086328378,21,144,214,223,0.41237113402061853,tall,True,True,True
2010_002018,7,996,0.01985012755102041,<2%,996,4231,45945,0.02167809337251061,27,35,92,66,0.48484848484848486,tall,True,True,True
2010_002020,1,27556,0.549186862244898,>=40%,27556,10473,39703,0.6940533460947536,0,8,223,204,0.8794642857142857,square,True,True,True
2010_002032,6,3458,0.06891741071428571,5-10%,3458,3388,46788,0.0739078396169958,121,14,199,149,1.7215189873417722,wide,True,True,True
2010_002039,2,1986,0.03958067602040816,2-5%,1986,4307,45869,0.04329721598465194,103,104,170,150,0.6911764705882353,square,True,True,True
2010_002039,4,846,0.01686065051020408,<2%,846,4307,45869,0.018443829165667443,116,193,163,223,0.6458333333333334,tall,True,True,True
2010_002039,11,992,0.019770408163265307,<2%,992,4307,45869,0.021626806775818092,56,177,117,219,0.6935483870967742,square,True,True,True
2010_002147,1,14582,0.29061702806122447,20-40%,14582,2576,47600,0.30634453781512605,21,0,191,223,1.3099415204678362,square,True,True,True
2010_002251,1,9173,0.18281648596938777,10-20%,9173,3830,46346,0.19792430846243472,100,0,223,173,1.403225806451613,square,True,True,True
2010_002305,1,12461,0.24834582270408162,20-40%,12461,37715,12461,1.0,100,0,185,215,2.511627906976744,wide,True,True,True
2010_002310,1,5270,0.10503029336734694,10-20%,5270,1658,48518,0.10861948142957253,84,2,158,223,2.96,wide,True,True,True
2010_002336,3,3018,0.06014827806122449,5-10%,3018,5008,45168,0.06681721572794899,57,0,209,91,0.6013071895424836,tall,True,True,True
2010_002338,1,12063,0.24041374362244897,20-40%,12063,1794,48382,0.24932826257699145,76,0,181,203,1.9245283018867925,wide,True,True,True
2010_002348,1,31292,0.6236447704081632,>=40%,31292,2640,47536,0.658280040390441,2,3,223,223,0.9954954954954955,square,True,True,True
2010_002396,2,7112,0.14174107142857142,10-20%,7112,3380,46796,0.15197880160697497,81,34,223,155,0.8531468531468531,square,True,True,True
2010_002455,1,13690,0.27283960459183676,20-40%,13690,17160,33016,0.41464744366367823,2,127,221,203,0.35,tall,True,True,True
2010_002527,2,17816,0.35507015306122447,20-40%,17816,1854,48322,0.3686933487852324,0,27,156,223,1.2547770700636942,square,True,True,True
2010_002570,2,21218,0.42287149234693877,>=40%,21218,2721,47455,0.4471183226214308,0,0,186,223,1.1978609625668448,square,True,True,True
2010_002659,2,9661,0.1925422512755102,10-20%,9661,3911,46265,0.20881876148276235,1,0,93,128,1.3870967741935485,square,True,True,True
2010_002720,4,902,0.01797672193877551,<2%,902,5285,44891,0.020093114432737074,53,0,122,29,0.42857142857142855,tall,True,True,True
2010_002763,5,6652,0.1325733418367347,10-20%,6652,5487,44689,0.1488509476604981,42,35,153,142,0.9642857142857143,square,True,True,True
2010_002921,2,670,0.013352997448979591,<2%,670,3067,47109,0.014222335434842599,177,0,221,30,0.6888888888888889,square,True,True,True
2010_002921,3,2759,0.054986447704081634,5-10%,2759,3067,47109,0.05856630367870258,105,118,161,172,0.9649122807017544,square,True,True,True
2010_002929,7,871,0.01735889668367347,<2%,871,4244,45932,0.018962814595488982,46,121,90,156,0.8,square,True,True,True
2010_002988,3,1727,0.03441884566326531,2-5%,1727,1545,48631,0.035512327527708665,106,13,151,90,1.6956521739130435,wide,True,True,True
2010_003010,1,3324,0.06624681122448979,5-10%,3324,3547,46629,0.07128610950267002,110,160,198,223,0.7191011235955056,square,True,True,True
2010_003060,1,20781,0.41416214923469385,>=40%,20781,1978,48198,0.43115896925183617,0,0,223,155,0.6964285714285714,square,True,True,True
2010_003123,3,29922,0.5963408801020408,>=40%,29922,1003,49173,0.6085046671954121,73,0,223,223,1.4834437086092715,square,True,True,True
2010_003157,2,2304,0.04591836734693878,2-5%,2304,3415,46761,0.04927182908834285,62,35,191,118,0.6461538461538462,tall,True,True,True
2010_003168,1,4650,0.09267378826530612,5-10%,4650,1778,48398,0.09607835034505557,37,0,114,131,1.6923076923076923,wide,True,True,True
2010_003187,1,24164,0.48158482142857145,>=40%,24164,1011,49165,0.49148784704566256,0,0,130,223,1.7099236641221374,wide,True,True,True
2010_003203,2,622,0.012396364795918368,<2%,622,3108,47068,0.01321492308999745,169,0,189,31,1.5238095238095237,wide,True,True,True
2010_003203,5,2788,0.055564413265306124,5-10%,2788,3108,47068,0.059233449477351915,42,156,133,223,0.7391304347826086,square,True,True,True
2010_003380,1,31256,0.6229272959183674,>=40%,31256,3634,46542,0.6715654677495595,0,0,223,209,0.9375,square,True,True,True
2010_003381,1,30326,0.6043925382653061,>=40%,30326,2561,47615,0.6369001365116035,62,0,222,223,1.391304347826087,square,True,True,True
2010_003409,2,1768,0.035235969387755105,2-5%,1768,2166,48010,0.036825661320558215,102,102,200,138,0.37373737373737376,tall,True,True,True
2010_003418,1,4310,0.08589764030612244,5-10%,4310,1113,49063,0.08784623850967124,20,61,156,151,0.6642335766423357,tall,True,True,True
2010_003453,1,33276,0.6631855867346939,>=40%,33276,1941,48235,0.6898724992225562,31,0,215,223,1.2108108108108109,square,True,True,True
2010_003495,1,9836,0.19602997448979592,10-20%,9836,2771,47405,0.2074886615335935,6,0,193,223,1.1914893617021276,square,True,True,True
2010_003531,5,734,0.014628507653061224,<2%,734,5572,44604,0.016455923235584254,132,2,221,30,0.32222222222222224,tall,True,True,True
2010_003531,8,800,0.01594387755102041,<2%,800,5572,44604,0.01793561115595014,136,192,164,223,1.103448275862069,square,True,True,True
2010_003532,1,19587,0.3903659119897959,20-40%,19587,3941,46235,0.42364009949172704,14,6,215,218,1.0544554455445545,square,True,True,True
2010_003597,4,937,0.018674266581632654,<2%,937,4517,45659,0.02052169342298342,108,183,221,223,0.35964912280701755,tall,True,True,True
2010_003597,9,1168,0.023278061224489797,2-5%,1168,4517,45659,0.025580936945618606,83,81,137,113,0.6,tall,True,True,True
2010_003680,1,8650,0.17239317602040816,10-20%,8650,1917,48259,0.1792411778113927,25,47,187,187,0.8650306748466258,square,True,True,True
2010_003746,2,2022,0.04029815051020408,2-5%,2022,4460,45716,0.04422959139032286,14,0,67,81,1.5185185185185186,wide,True,True,True
2010_003746,3,4040,0.08051658163265306,5-10%,4040,4460,45716,0.08837168606177269,0,90,171,223,0.7790697674418605,square,True,True,True
2010_003764,1,16056,0.3199936224489796,20-40%,16056,2181,47995,0.3345348473799354,23,46,170,223,1.2027027027027026,square,True,True,True
2010_003884,2,4341,0.08651546556122448,5-10%,4341,3805,46371,0.09361454357249142,2,176,165,223,0.2926829268292683,tall,True,True,True
2010_004056,1,4379,0.08727279974489796,5-10%,4379,1287,48889,0.08957025097670232,93,5,205,119,1.0176991150442478,square,True,True,True
2010_004060,1,7125,0.1420001594387755,10-20%,7125,1348,48828,0.1459203735561563,65,94,215,181,0.5827814569536424,tall,True,True,True
2010_004171,1,29720,0.5923150510204082,>=40%,29720,3039,47137,0.6305025775929737,0,26,223,223,0.8839285714285714,square,True,True,True
2010_004226,2,2818,0.056162308673469385,5-10%,2818,2866,47310,0.05956457408581695,92,161,193,223,0.6176470588235294,tall,True,True,True
2010_004320,1,24486,0.48800223214285715,>=40%,24486,2103,48073,0.50935036298962,0,0,181,205,1.1318681318681318,square,True,True,True
2010_004520,1,20370,0.40597098214285715,>=40%,20370,1466,48710,0.4181892835146787,0,57,223,163,0.47767857142857145,tall,True,True,True
2010_004551,1,19379,0.3862205038265306,20-40%,19379,30797,19379,1.0,0,60,223,169,0.49107142857142855,tall,True,True,True
2010_004560,1,5684,0.11328125,10-20%,5684,6406,43770,0.12986063513822252,35,0,181,109,0.7482993197278912,square,True,True,True
2010_004625,1,34411,0.6858059630102041,>=40%,34411,1709,48467,0.7099882394206367,19,0,198,223,1.2444444444444445,square,True,True,True
2010_004628,2,793,0.01580436862244898,<2%,793,1208,48968,0.01619424930566901,120,139,169,164,0.52,tall,True,True,True
2010_004683,2,2856,0.056919642857142856,5-10%,2856,7614,42562,0.0671021098632583,108,0,180,69,0.958904109589041,square,True,True,True
2010_004763,3,13489,0.26883370535714285,20-40%,13489,19211,30965,0.4356208622638463,0,0,223,153,0.6875,square,True,True,True
2010_004783,2,722,0.014389349489795918,<2%,722,2908,47268,0.015274604383515274,137,0,193,29,0.5263157894736842,tall,True,True,True
2010_004941,1,18749,0.37366470025510207,20-40%,18749,5223,44953,0.41708006139745957,24,18,223,209,0.96,square,True,True,True
2010_004946,1,20080,0.40019132653061223,>=40%,20080,1583,48593,0.4132282427510135,61,24,214,194,1.1103896103896105,square,True,True,True
2010_004994,3,2795,0.05570392219387755,5-10%,2795,2736,47440,0.05891652613827993,69,188,194,223,0.2857142857142857,tall,True,True,True
2010_005063,1,618,0.012316645408163265,<2%,618,1816,48360,0.012779156327543425,92,204,125,223,0.5882352941176471,tall,True,True,True
2010_005106,1,3827,0.07627152423469388,5-10%,3827,2891,47285,0.08093475732261816,75,12,161,223,2.4367816091954024,wide,True,True,True
2010_005108,1,28480,0.5676020408163265,>=40%,28480,2657,47519,0.5993392116837476,31,0,223,220,1.145077720207254,square,True,True,True
2010_005128,1,10110,0.20149075255102042,20-40%,10110,1602,48574,0.20813603985671347,74,9,166,197,2.032258064516129,wide,True,True,True
2010_005129,1,1566,0.031210140306122448,2-5%,1566,566,49610,0.031566216488611167,66,100,142,134,0.45454545454545453,tall,True,True,True
2010_005166,6,2223,0.04430404974489796,2-5%,2223,7508,42668,0.05209993437705072,36,164,121,220,0.6627906976744186,tall,True,True,True
2010_005180,2,791,0.015764508928571428,<2%,791,631,49545,0.015965284085175092,102,58,126,90,1.32,square,True,True,True
2010_005217,1,19868,0.39596619897959184,20-40%,19868,1677,48499,0.4096579310913627,63,0,188,223,1.7777777777777777,wide,True,True,True
2010_005223,2,2644,0.05269451530612245,5-10%,2644,3652,46524,0.05683088298512596,99,72,177,139,0.8607594936708861,square,True,True,True
2010_005223,3,2810,0.05600286989795918,5-10%,2810,3652,46524,0.06039893388358696,97,0,177,73,0.9135802469135802,square,True,True,True
2010_005252,2,1624,0.03236607142857143,2-5%,1624,2651,47525,0.03417148869016307,101,131,158,188,1.0,square,True,True,True
2010_005318,4,909,0.018116230867346938,<2%,909,7678,42498,0.021389241846675136,41,4,97,28,0.43859649122807015,tall,True,True,True
2010_005450,1,11135,0.2219188456632653,20-40%,11135,1259,48917,0.2276304761125989,23,108,149,223,0.9133858267716536,square,True,True,True
2010_005457,1,39327,0.7837810905612245,>=40%,39327,1823,48353,0.8133311273343949,2,0,219,223,1.0275229357798166,square,True,True,True
2010_005519,1,1346,0.026825573979591837,2-5%,1346,1802,48374,0.02782486459668417,134,198,221,223,0.29545454545454547,tall,True,True,True
2010_005522,1,4613,0.09193638392857142,5-10%,4613,1347,48829,0.09447254705195683,67,108,188,188,0.6639344262295082,tall,True,True,True
2010_005678,1,42378,0.8445870535714286,>=40%,42378,1055,49121,0.8627267360192179,11,0,212,223,1.108910891089109,square,True,True,True
2010_005709,2,17174,0.3422751913265306,20-40%,17174,16475,33701,0.5095991216877838,0,30,223,212,0.8169642857142857,square,True,True,True
2010_005744,1,7949,0.15842235331632654,10-20%,7949,1318,48858,0.16269597609398664,68,43,167,142,1.0,square,True,True,True
2010_005788,1,1435,0.028599330357142856,2-5%,1435,2865,47311,0.03033121261440257,74,179,129,223,0.8035714285714286,square,True,True,True
2010_005796,1,880,0.017538265306122448,<2%,880,1740,48436,0.018168304566851104,55,0,86,36,1.15625,square,True,True,True
2010_005810,6,15299,0.30490672831632654,20-40%,15299,2985,47191,0.32419317242694584,0,0,124,208,1.672,wide,True,True,True
2010_005830,5,1655,0.03298389668367347,2-5%,1655,8584,41592,0.03979130602038854,93,48,211,112,0.5462184873949579,tall,True,True,True
2010_005835,1,9543,0.1901905293367347,10-20%,9543,2401,47775,0.19974882260596546,61,73,214,201,0.8376623376623377,square,True,True,True
2010_005835,2,33418,0.666015625,>=40%,33418,2401,47775,0.6994871794871795,0,0,223,223,1.0,square,True,True,True
2010_005871,2,2633,0.05247528698979592,5-10%,2633,3735,46441,0.056695592256842016,20,19,127,165,1.3611111111111112,square,True,True,True
2010_005952,1,18965,0.37796954719387754,20-40%,18965,8640,41536,0.45659187211093993,0,47,223,148,0.45535714285714285,tall,True,True,True
2011_000051,3,3410,0.06796077806122448,5-10%,3410,2366,47810,0.07132399079690441,57,0,223,37,0.2275449101796407,tall,True,True,True
2011_000112,1,964,0.01921237244897959,<2%,964,1095,49081,0.019641001609584156,130,4,155,78,2.8846153846153846,wide,True,True,True
2011_000112,2,1825,0.03637197066326531,2-5%,1825,1095,49081,0.03718343147042644,124,135,167,203,1.5681818181818181,wide,True,True,True
2011_000122,2,22744,0.4532844387755102,>=40%,22744,1869,48307,0.47082203407373674,0,0,220,223,1.0135746606334841,square,True,True,True
2011_000208,2,19994,0.39847735969387754,20-40%,19994,1635,48541,0.4118992192167446,76,0,187,223,2.0,wide,True,True,True
2011_000252,2,2694,0.05369100765306122,5-10%,2694,3113,47063,0.0572424197352485,59,29,190,73,0.3409090909090909,tall,True,True,True
2011_000312,2,6220,0.12396364795918367,10-20%,6220,1433,48743,0.12760806679933528,44,0,107,106,1.671875,wide,True,True,True
2011_000338,4,1153,0.022979113520408163,2-5%,1153,2975,47201,0.024427448571004852,161,0,223,81,1.3015873015873016,square,True,True,True
2011_000379,2,17519,0.34915098852040816,20-40%,17519,4456,45720,0.38318022747156605,1,0,223,223,1.0044843049327354,square,True,True,True
2011_000400,1,1800,0.03587372448979592,2-5%,1800,5023,45153,0.039864460833167234,77,82,116,126,1.125,square,True,True,True
2011_000438,5,5020,0.10004783163265306,10-20%,5020,6057,44119,0.11378317731589564,133,0,223,124,1.3736263736263736,square,True,True,True
2011_000503,6,5180,0.10323660714285714,10-20%,5180,1550,48626,0.1065273721877185,168,65,223,223,2.8392857142857144,wide,True,True,True
2011_000512,1,21132,0.4211575255102041,>=40%,21132,3608,46568,0.453788008933173,5,18,213,216,0.9521531100478469,square,True,True,True
2011_000526,1,35443,0.7063735650510204,>=40%,35443,2648,47528,0.7457288335297088,18,0,223,223,1.087378640776699,square,True,True,True
2011_000548,2,8304,0.16549744897959184,10-20%,8304,5543,44633,0.18605067999014183,62,58,178,193,1.1623931623931625,square,True,True,True
2011_000566,1,10489,0.2090441645408163,20-40%,10489,4666,45510,0.23047681828169633,97,94,223,223,1.0236220472440944,square,True,True,True
2011_000573,1,2746,0.05472735969387755,5-10%,2746,5141,45035,0.0609747973798157,125,84,223,175,0.9292929292929293,square,True,True,True
2011_000589,2,2360,0.0470344387755102,2-5%,2360,818,49358,0.047813930872401635,9,0,115,42,0.40186915887850466,tall,True,True,True
2011_000607,2,901,0.017956792091836735,<2%,901,1178,48998,0.018388505653291972,99,183,132,214,0.9411764705882353,square,True,True,True
2011_000638,3,6112,0.12181122448979592,10-20%,6112,2987,47189,0.12952171056814088,71,0,223,57,0.3790849673202614,tall,True,True,True
2011_000780,1,16130,0.321468431122449,20-40%,16130,15556,34620,0.46591565569035237,0,0,210,163,0.7772511848341233,square,True,True,True
2011_000834,4,1880,0.03746811224489796,2-5%,1880,2509,47667,0.03944028363438018,93,17,149,76,1.0526315789473684,square,True,True,True
2011_000944,1,42904,0.8550701530612245,>=40%,42904,2221,47955,0.8946720884162236,0,0,202,223,1.103448275862069,square,True,True,True
2011_000973,1,13115,0.26137994260204084,20-40%,13115,1463,48713,0.26922997967688295,31,21,208,160,0.7865168539325843,square,True,True,True
2011_001027,4,2020,0.04025829081632653,2-5%,2020,6473,43703,0.04622108322083152,57,0,114,119,2.0689655172413794,wide,True,True,True
2011_001060,2,3089,0.06156329719387755,5-10%,3089,6110,44066,0.07009939636000545,36,139,179,186,0.3333333333333333,tall,True,True,True
2011_001071,3,12496,0.24904336734693877,20-40%,12496,2942,47234,0.26455519329296695,23,0,223,111,0.5572139303482587,tall,True,True,True
2011_001135,1,11688,0.23294005102040816,20-40%,11688,2068,48108,0.24295335495135945,42,7,213,157,0.877906976744186,square,True,True,True
2011_001139,2,3228,0.06433354591836735,5-10%,3228,2693,47483,0.06798222521744625,24,12,132,94,0.7614678899082569,square,True,True,True
2011_001161,1,1574,0.031369579081632654,2-5%,1574,623,49553,0.031763969890823966,90,73,152,114,0.6666666666666666,tall,True,True,True
2011_001175,4,1326,0.026426977040816327,2-5%,1326,9497,40679,0.03259667150126601,127,160,174,200,0.8541666666666666,square,True,True,True
2011_001211,1,22439,0.4472058354591837,>=40%,22439,2085,48091,0.466594581106652,0,28,223,180,0.6830357142857143,square,True,True,True
2011_001292,1,23142,0.46121651785714285,>=40%,23142,1475,48701,0.47518531446992873,33,34,206,223,1.0919540229885059,square,True,True,True
2011_001346,3,1663,0.03314333545918367,2-5%,1663,6989,43187,0.038506958112394934,146,25,223,155,1.6794871794871795,wide,True,True,True
2011_001350,1,1599,0.03186782525510204,2-5%,1599,1851,48325,0.033088463528194514,133,114,179,191,1.6595744680851063,wide,True,True,True
2011_001350,2,7903,0.15750558035714285,10-20%,7903,1851,48325,0.16353854112778066,77,81,179,217,1.3300970873786409,square,True,True,True
2011_001412,5,1081,0.021544164540816327,2-5%,1081,6346,43830,0.02466347250741501,62,157,171,223,0.6090909090909091,tall,True,True,True
2011_001546,1,5582,0.1112484056122449,10-20%,5582,1887,48289,0.11559568431733935,73,70,177,180,1.0571428571428572,square,True,True,True
2011_001567,5,1761,0.03509646045918367,2-5%,1761,5873,44303,0.03974900119630725,67,107,157,146,0.43956043956043955,tall,True,True,True
2011_001597,1,25364,0.505500637755102,>=40%,25364,4546,45630,0.5558623712469867,0,0,223,164,0.7366071428571429,square,True,True,True
2011_001642,1,21020,0.41892538265306123,>=40%,21020,4069,46107,0.45589606784219316,7,43,201,189,0.7538461538461538,square,True,True,True
2011_001653,3,3326,0.06628667091836735,5-10%,3326,5007,45169,0.0736345723837145,131,70,185,158,1.6181818181818182,wide,True,True,True
2011_001714,2,20982,0.41816804846938777,>=40%,20982,11687,38489,0.5451427680636026,0,13,223,223,0.9419642857142857,square,True,True,True
2011_001722,1,12367,0.24647241709183673,20-40%,12367,3950,46226,0.26753342274910225,35,0,209,223,1.28,square,True,True,True
2011_001775,1,46497,0.9266780931122449,>=40%,46497,1775,48401,0.9606619697940125,0,0,223,223,1.0,square,True,True,True
2011_001855,1,33583,0.669304049744898,>=40%,33583,16593,33583,1.0,5,1,223,218,0.9954337899543378,square,True,True,True
2011_001862,5,4110,0.08191167091836735,5-10%,4110,2360,47816,0.08595449222017734,152,0,223,113,1.5833333333333333,wide,True,True,True
2011_001922,2,4877,0.09719786352040816,5-10%,4877,11570,38606,0.12632751385794955,123,18,207,220,2.388235294117647,wide,True,True,True
2011_001924,1,1492,0.029735331632653062,2-5%,1492,728,49448,0.030173111147063583,67,41,131,107,1.0307692307692307,square,True,True,True
2011_001967,1,11881,0.23678651147959184,20-40%,11881,2884,47292,0.25122642307367,0,18,211,212,0.9198113207547169,square,True,True,True
2011_002002,4,3325,0.06626674107142858,5-10%,3325,3747,46429,0.07161472355639795,50,148,176,212,0.5118110236220472,tall,True,True,True
2011_002040,1,18454,0.36778539540816324,20-40%,18454,1700,48476,0.38068322468850563,17,2,217,216,1.0696517412935322,square,True,True,True
2011_002064,4,1102,0.02196269132653061,2-5%,1102,10769,39407,0.02796457482173218,42,190,83,223,0.8095238095238095,square,True,True,True
2011_002110,2,2531,0.05044244260204082,5-10%,2531,9543,40633,0.06228927226638446,0,166,116,223,0.49572649572649574,tall,True,True,True
2011_002119,2,1409,0.028081154336734693,2-5%,1409,4399,45777,0.030779649168796556,85,54,147,111,0.9206349206349206,square,True,True,True
2011_002119,3,752,0.014987244897959183,<2%,752,4399,45777,0.01642746357341023,102,123,137,164,1.1666666666666667,square,True,True,True
2011_002135,3,1002,0.019969706632653062,<2%,1002,7644,42532,0.02355873224865983,0,86,28,167,2.8275862068965516,wide,True,True,True
2011_002178,1,32344,0.6446109693877551,>=40%,32344,5574,44602,0.7251692749204072,18,0,223,223,1.087378640776699,square,True,True,True
2011_002222,1,2245,0.04474250637755102,2-5%,2245,1781,48395,0.04638908978200227,74,33,163,181,1.6555555555555554,wide,True,True,True
2011_002247,1,28246,0.5629384566326531,>=40%,28246,3658,46518,0.6072058128036459,0,0,184,223,1.2108108108108109,square,True,True,True
2011_002279,1,28919,0.5763512436224489,>=40%,28919,2322,47854,0.6043172984494504,0,0,190,223,1.1727748691099475,square,True,True,True
2011_002291,1,10150,0.20228794642857142,20-40%,10150,2248,47928,0.21177599732932734,75,0,138,223,3.5,wide,True,True,True
2011_002308,1,23784,0.47401147959183676,>=40%,23784,1330,48846,0.48691806903328827,3,37,223,194,0.7149321266968326,square,True,True,True
2011_002335,5,961,0.019152582908163265,<2%,961,2787,47389,0.02027896769292452,79,0,119,80,1.975609756097561,wide,True,True,True
2011_002358,3,3081,0.061403858418367346,5-10%,3081,5225,44951,0.06854130052724078,66,0,214,66,0.44966442953020136,tall,True,True,True
2011_002358,5,1676,0.03340242346938776,2-5%,1676,5225,44951,0.03728504371426664,47,90,99,139,0.9433962264150944,square,True,True,True
2011_002391,3,1453,0.028958067602040817,2-5%,1453,5663,44513,0.032642149484420284,197,115,223,223,4.037037037037037,wide,True,True,True
2011_002398,1,13738,0.27379623724489793,20-40%,13738,2747,47429,0.2896540091505197,36,51,176,214,1.1631205673758864,square,True,True,True
2011_002504,1,1363,0.02716438137755102,2-5%,1363,677,49499,0.027535909816359925,79,92,125,181,1.9148936170212767,wide,True,True,True
2011_002511,3,3104,0.06186224489795918,5-10%,3104,5344,44832,0.06923625981441828,11,94,104,168,0.7978723404255319,square,True,True,True
2011_002575,3,6396,0.12747130102040816,10-20%,6396,9981,40195,0.15912426918770992,10,117,197,214,0.5212765957446809,tall,True,True,True
2011_002644,1,991,0.01975047831632653,<2%,991,3556,46620,0.021256971256971256,93,58,128,91,0.9444444444444444,square,True,True,True
2011_002675,1,8153,0.16248804209183673,10-20%,8153,3656,46520,0.1752579535683577,40,0,200,209,1.3043478260869565,square,True,True,True
2011_002812,2,869,0.01731903698979592,<2%,869,4560,45616,0.019050333216415295,164,0,208,32,0.7333333333333333,square,True,True,True
2011_002851,1,6457,0.12868702168367346,10-20%,6457,1267,48909,0.13202069148827414,75,0,142,223,3.2941176470588234,wide,True,True,True
2011_002953,1,1483,0.02955596301020408,2-5%,1483,1701,48475,0.030593089221248065,82,0,157,38,0.5131578947368421,tall,True,True,True
2011_002953,2,12975,0.25858976403061223,20-40%,12975,1701,48475,0.26766374419804023,94,15,222,174,1.2403100775193798,square,True,True,True
2011_003057,1,27980,0.5576371173469388,>=40%,27980,2596,47580,0.5880622110130307,13,0,223,223,1.061611374407583,square,True,True,True
2011_003066,1,921,0.018355389030612245,<2%,921,6938,43238,0.021300707710809937,152,94,205,117,0.4444444444444444,tall,True,True,True
2011_003066,10,1163,0.02317841198979592,2-5%,1163,6938,43238,0.02689763633840603,21,0,105,52,0.6235294117647059,tall,True,True,True
2011_003066,19,15636,0.31162308673469385,20-40%,15636,6938,43238,0.36162634719459735,128,24,223,223,2.0833333333333335,wide,True,True,True
2011_003103,4,837,0.0166812818877551,<2%,837,4333,45843,0.018257967410509782,87,133,138,163,0.5961538461538461,tall,True,True,True
2011_003182,1,38579,0.7688735650510204,>=40%,38579,1645,48531,0.7949351960602502,20,0,223,223,1.0980392156862746,square,True,True,True
2011_003238,2,4113,0.08197146045918367,5-10%,4113,1718,48458,0.08487762598538941,65,71,223,154,0.5283018867924528,tall,True,True,True
2011_003256,2,5124,0.10212053571428571,10-20%,5124,2759,47417,0.10806250922664867,75,0,164,132,1.4777777777777779,square,True,True,True
